,last_name,first_name,cust_id
0,Rogers,Keith,4505996398785
1,Brown,Alicia,4564018893175
2,Schwartz,John,6880112424368
3,Kemp,Kimberly,5239630061246
4,Arnold,Brittany,8264136452035
5,Williams,Martha,8503314644499
6,Chavez,Amanda,7563515850418
7,Glass,Cristina,0240802858188
8,Sanchez,Travis,2051314196987
9,Williams,Christopher,9119035196100
10,Turner,Patricia,1381135752325
11,Garcia,Jennifer,4719042738585
12,Thomas,Heather,9577247109271
13,Lin,Jaclyn,3694977087648
14,Hull,James,0561080941348
15,Rivera,Patrick,8547635303608
16,Wright,Dawn,0216756898370
17,Moore,Destiny,9583666641585
18,Johnson,John,4089132924226
19,Martinez,Brian,2376791823465
20,Brock,Hunter,3318972997129
21,Rodriguez,Theresa,6028402695076
22,Cain,Christopher,6918254346295
23,Ryan,Kristen,9391347655825
24,Peterson,Andrew,3513692069438
25,Potter,Joel,5442457933663
26,Vaughan,John,9613578953828
27,Rodriguez,Michele,3884146580725
28,Thompson,Miranda,1672167313655
29,Tanner,Glen,5443358560646
30,Lin,Kevin,3691011885653
31,Bush,Anna,4908531626227
32,Short,Timothy,4849166422131
33,Santana,Michael,6317315374068
34,Carson,Deborah,4474164294553
35,Watson,Cassandra,2460457688541
36,Huber,Andre,4332618813005
37,Robinson,Amy,0614496057967
38,Miller,Lauren,1106901777521
39,Williams,Jody,3487001238279
40,Hill,Kimberly,7747688881400
41,Wilkins,Jaime,9561155635875
42,Glenn,Elizabeth,5617868556422
43,Davis,Joy,3028188445864
44,Evans,Aaron,9164631907271
45,English,Dakota,9895770038525
46,Clark,Rachel,7927252149489
47,Hansen,Michael,1429660425621
48,Wilson,Karen,4980606845270
49,Mosley,Shawn,2004624612279
50,Palmer,Benjamin,2404578968612
51,Wright,Laurie,6542095583912
52,Allen,Summer,5650819369943
53,Phelps,Melissa,0488433912640
54,Martinez,Kathy,4552222971087
55,Smith,Justin,7726678451407
56,Lara,Elizabeth,8343385447545
57,Carpenter,Bridget,1780514240865
58,Pierce,Diana,9730949704797
59,York,Kenneth,9404081149761
60,Thomas,Dylan,9920779594078
61,Johnson,Lisa,8169653826728
62,Cook,Laura,8548323212258
63,Butler,Cory,8796857886488
64,Hahn,Kelly,0984474145303
65,Caldwell,Nathan,7123509861959
66,Robinson,David,7903447348771
67,Lester,Daniel,7074062435913
68,Woods,Albert,1176497772194
69,Alvarez,John,1747004784882
70,Barnes,Amanda,8553137143267
71,Richardson,Brian,0414621937346
72,Lee,Courtney,9523215378108
73,Miller,Meredith,8069587901008
74,Solis,Brian,2266457510983
75,Potter,Ronald,5115555510320
76,Simmons,Mark,3046889029589
77,Chandler,Joshua,1993716962422
78,Villa,Christopher,7028277306311
79,Sanchez,April,9094309189010
80,Murphy,Christine,6669514716646
81,Moore,Tabitha,5771638459017
82,Lowe,Richard,6411935041504
83,Barnes,Thomas,3848462691055
84,Rios,John,4159778577119
85,Brown,David,3021155407086
86,Rogers,Karen,8002028126173
87,Shannon,Felicia,8193657055589
88,Snyder,Molly,2994439925139
89,Bruce,Michael,0290406733795
90,Thomas,Denise,6747174104112
91,Moore,Alicia,6399156818543
92,Hughes,Stephanie,7891136829383
93,Mcdonald,Kevin,5946429004616
94,Alvarado,Elizabeth,7981123538063
95,Harrington,Margaret,1836875892170
96,Patton,Kenneth,0609840897558
97,Garcia,Jill,3136813247761
98,Torres,David,2771739879890
99,Williams,Amy,6398379031941
100,Wood,Sarah,0053482968446
101,Smith,Marissa,3233534255851
102,Cline,Zachary,4173345611797
103,Obrien,Vanessa,7863139997772
104,Johnson,Jeffrey,3986037738417
105,Martinez,Benjamin,9811167024784
106,Hunt,Michael,9433132964574
107,Pace,Kathleen,4354427220095
108,Mcclain,Kaitlyn,8464152748311
109,Figueroa,Heather,8036804293115
110,Walters,Annette,3068198816463
111,Pena,Scott,5796022718103
112,Scott,Andrea,7710215617117
113,Kemp,Kristine,2100481629572
114,Weber,Monica,1367351644055
115,Woods,Mary,0088781325650
116,Blankenship,Lauren,3569297489754
117,Reynolds,Carlos,3827205968432
118,West,Lindsey,4038627750178
119,Watkins,Daniel,9104388723732
120,Harding,Jordan,6191890848370
121,Kidd,Lee,0506793010395
122,Scott,Edgar,9866936567852
123,Palmer,Todd,2796325834200
124,Frank,Barry,8917331861714
125,Rivera,Richard,2989619718511
126,Campos,Michael,1490749224444
127,Lloyd,Melissa,6640801376207
128,Rios,Caitlyn,4797778053544
129,Callahan,Toni,7105094672780
130,Turner,Kathleen,8132069017631
131,Macias,Steven,5310497256270
132,Harris,Nichole,3956316095758
133,Jones,George,3275418370467
134,Stephenson,Brandon,7236523990341
135,Garza,Matthew,4884153530992
136,Anderson,Ruth,6093876461024
137,Hudson,Felicia,3336301413117
138,Mcdaniel,Robert,2480549709900
139,Lang,Renee,8889954137269
140,Maxwell,Alexandra,4471721527826
141,Mclaughlin,Karen,6590643370070
142,Russell,Natasha,8117654298257
143,Cooper,Brian,2497939967021
144,Wagner,Lisa,1981715207738
145,Maxwell,John,4830466399055
146,Howard,Julie,5947491171243
147,Murray,Monica,6325135942799
148,King,Charles,9736950969144
149,Montoya,Tanya,7007824316118
150,Harris,Casey,6971694061179
151,Anderson,Emily,6387159538036
152,Stewart,Michael,0831457235311
153,Jones,Ashley,3644967212416
154,Stanton,Susan,7067232308585
155,Martin,Rhonda,5758195965621
156,Cordova,Kenneth,5335237576698
157,Austin,Scott,8436631991389
158,Ramirez,Curtis,0632256096972
159,Hayes,Marvin,7529591952317
160,Aguirre,Shelby,8153421091090
161,Lopez,Renee,6491182376145
162,Anderson,Sheena,5589665873267
163,Webb,Patrick,2384882640502
164,Morrison,Natalie,3606269427006
165,Hubbard,Scott,0334880676759
166,Horton,Darrell,9857786200024
167,Yates,Matthew,1431949107530
168,Lewis,Gina,5566541972374
169,Woods,Hunter,3397178631409
170,Rodriguez,Patrick,4041265712968
171,Mason,Sarah,2310890103680
172,Lowe,Katherine,9909261682115
173,Moreno,Thomas,0301895663039
174,Malone,Stephanie,9583969209990
175,Perkins,Frank,6595685356403
176,Drake,Victor,7181296916959
177,Lopez,Courtney,9933810257060
178,Ramirez,Robert,1113870191689
179,Johnson,Kyle,4245769072325
180,Lewis,Joyce,5046013815278
181,Jenkins,Michael,7752963292001
182,Charles,Matthew,0153029987600
183,Scott,Stephen,4431409162277
184,Perez,Katie,3292992346316
185,Oconnor,Bruce,8250441517904
186,Snyder,Timothy,4932067044274
187,Pruitt,Marisa,4373247592777
188,Simpson,Dominic,5472810926200
189,Sullivan,James,3317154656249
190,Horton,Michael,4587858486534
191,Patterson,Bryan,1697860117306
192,Carter,Spencer,8743443369115
193,Barnett,Justin,7567092842512
194,Williams,Evan,6196874765707
195,White,Aaron,7407055646840
196,Martinez,Andre,7001116645242
197,Holt,Alexis,1130186081960
198,Fischer,Daniel,5245878087706
199,Hoffman,Kenneth,3022348676843
200,Jones,Meagan,7656679359871
201,Bell,Christine,5293535120656
202,Lopez,Javier,5100645830687
203,Parks,Catherine,9426773319723
204,Lewis,Amy,9030891848413
205,Howard,Michael,0250023870814
206,Mcfarland,Mark,1479688511307
207,Roberts,Sean,9201856018691
208,Reynolds,Heather,7954079050107
209,Riley,Donna,8263179012676
210,Brown,William,3862491542743
211,Williams,Virginia,8318955911286
212,Davis,Linda,2495006331771
213,Scott,Rita,0393430948855
214,Lopez,Melissa,4846240791714
215,Moore,Sherry,6579861640038
216,Thomas,Lisa,0544378964011
217,Hernandez,Susan,7799538692047
218,Little,Jeffrey,0283417583527
219,Hill,Pamela,3766098367927
220,Scott,Adam,8216301437209
221,Travis,Angela,1290868295910
222,Guzman,Steven,5943954880371
223,Cook,Eric,1551125826847
224,Cole,Laura,4785750303843
225,Richardson,Hannah,1694504995250
226,Scott,Jeffrey,6287287633485
227,Clark,Scott,8660241829020
228,Medina,Nicholas,0251807920834
229,Nguyen,Robert,3496720617545
230,Moore,Michael,0256078800596
231,Mendez,Samantha,0452335776610
232,West,Anthony,4519303917156
233,Lang,Jonathan,6764114546370
234,Jackson,Preston,9742011804825
235,Moore,Mary,9925530118015
236,Boyd,Katherine,9291498868542
237,Baldwin,David,8006043928195
238,Hernandez,Jessica,5167430678558
239,Williams,Ryan,2395943137837
240,Bennett,Kimberly,1417751628050
241,Huber,Robert,3287216412871
242,Baxter,Thomas,4821946500684
243,Shea,Robert,3777999113072
244,Evans,Patrick,9356180458484
245,Ortiz,Alan,4028887127823
246,Manning,Lori,8278384384568
247,Thomas,Brittany,8085402893659
248,Murillo,Michelle,4647887584314
249,Cook,Jill,6471498581659
250,Russell,Brandy,2279549958322
251,Johnson,Nicole,3657815592163
252,Smith,Marc,9847587865530
253,Cole,Edward,6021874498434
254,Stafford,Melissa,9873858496865
255,Ramirez,James,1934886395090
256,Perry,Christopher,4616334435201
257,Klein,Steven,6319120659608
258,Allen,Jeremiah,1952419815790
259,Gonzales,Darren,8761105948734
260,Lyons,John,3751943360234
261,Clark,Stephanie,9500128758358
262,Harrison,John,7857677478425
263,Hammond,Ashley,2778796370793
264,Mcdaniel,Olivia,0694557309517
265,Vaughan,Megan,5126550363764
266,Smith,Teresa,8350025986014
267,Neal,Kenneth,4603285752961
268,Clarke,Hunter,1670328105891
269,Richards,Jose,6214254493925
270,Chen,Marcus,9193613464244
271,Garcia,Joseph,8899054663860
272,Young,Jermaine,2396821044145
273,Murphy,Charles,2414617494988
274,Miller,Andrea,3066791498317
275,Waller,Emily,2266131653352
276,Garza,Harry,0484468858831
277,Anderson,Dustin,8628788561506
278,Young,Nicole,6849555060639
279,Snow,David,6781794450027
280,Perez,Gary,2157878903197
281,Steele,Ronald,9710269173998
282,Myers,Benjamin,0489477197755
283,Silva,Jamie,7608334072314
284,Leach,James,1289382593716
285,Hardy,Kaitlyn,8424279708218
286,Best,Robin,3439653074438
287,Duncan,Cheryl,0232369805622
288,Davis,Chloe,9205825287651
289,Wilson,Theresa,6706693148435
290,Griffin,Monica,3448288880279
291,Martin,George,3837091750621
292,Stewart,Tracy,9069776556929
293,Carter,Amanda,1730106905768
294,Young,Kenneth,8534887309397
295,Hernandez,Heather,1072274212837
296,Erickson,Kathy,8343462496254
297,Horton,Vickie,3424190725017
298,Fox,Timothy,2100423033068
299,Conley,Erin,1721436837688
300,Lucas,Kenneth,8075153151002
301,Dodson,Alexis,5199075639518
302,Macdonald,Jessica,8288720380246
303,Davis,Jennifer,9605391037939
304,Jackson,Manuel,2032475789065
305,Chapman,Lisa,2329640205585
306,Berry,Keith,6893425833362
307,Alexander,Sheila,0160455741203
308,Anderson,Andrea,7797431137955
309,Mcneil,Jacqueline,7220665500775
310,Walker,Robert,4990752340494
311,Odom,Jorge,8792283751847
312,Lawson,John,9114399405848
313,Anderson,Erin,3556409685841
314,Cooper,David,6962102591343
315,Kramer,Susan,6225934056704
316,Mata,Larry,6421038653554
317,Hartman,Kathleen,5043855293931
318,Harris,Travis,7689312360032
319,Frey,Michael,9467102165655
320,Lin,Glenn,5301873610246
321,Lopez,Lisa,2569053938000
322,Wright,Kim,1876344882010
323,Lee,Glenn,0663453291300
324,Richmond,Lucas,2788914949037
325,Abbott,Nancy,9548376328054
326,Rodriguez,Michael,0485994012919
327,Brown,Courtney,8943199758532
328,Lloyd,Krystal,0739063288858
329,Caldwell,Heather,4674950960773
330,Pearson,Eric,0218585492664
331,Butler,Kaylee,6007764295291
332,Larson,Amy,2778669792406
333,Kelly,Timothy,5485934019305
334,Ramirez,Daniel,1851158685598
335,Braun,Paul,4367868717343
336,Strickland,Wanda,2369712257228
337,King,Shane,0144862355778
338,Parker,Tiffany,7326084012777
339,Williams,Erin,4375835320873
340,Schwartz,John,5210653630077
341,Curry,Casey,5678766895017
342,Alvarado,Emily,3151983259785
343,Humphrey,Joseph,1475119736122
344,Griffin,Brenda,0168487896167
345,Mendez,Corey,7519973711791
346,Andrade,Rodney,1527489403495
347,Davis,Alfred,7896895027701
348,Smith,Paul,9654362741002
349,Carpenter,Nicholas,3594534959680
350,Cook,Michelle,7121997947198
351,Mitchell,Lisa,5638272970778
352,Robbins,Jeffrey,5191763407974
353,Lewis,Michael,2356504087124
354,Brooks,Ana,4863103218536
355,Floyd,Linda,4387045226483
356,Parker,Ashley,9183081571626
357,Jones,Alan,3242595750676
358,Cole,Donna,6353749933762
359,Tyler,Justin,1478248593282
360,Garcia,Brett,7528051504231
361,Diaz,Dustin,1995988605350
362,Sherman,William,8138178028680
363,Arnold,Paul,2405808390729
364,Wilson,Melissa,9550887257250
365,Johnston,Hector,0990594752036
366,Vaughn,Scott,1071159142577
367,Aguilar,Veronica,8019445366984
368,Dodson,Tina,6235275490917
369,Phillips,Amber,5092035328373
370,Dunn,Christine,7556360117521
371,Anderson,Renee,6848938075746
372,Elliott,Sonia,3581890813716
373,Cuevas,Tonya,2219308491697
374,Whitehead,Leslie,2994177508606
375,Evans,Mason,1453329456522
376,Stewart,Kevin,2193330721348
377,Wells,Jennifer,3207260518434
378,Fry,Blake,3834354562346
379,Johnson,Jennifer,9332427306008
380,Gonzalez,Debbie,2042181341329
381,Walker,Ashley,7760336359927
382,Conrad,Jessica,1496522182204
383,Lee,Traci,3569649767328
384,Clark,Linda,4371433819136
385,Allen,Miranda,1745716200682
386,Williams,Frances,3913355002914
387,Liu,Nancy,2556565546300
388,Harrison,Christine,9047615231387
389,Fisher,Susan,3589718314776
390,Hess,Christian,8180876609998
391,Stephens,Karen,5687215561723
392,Campos,Felicia,5890904581325
393,Aguilar,Laura,3908574618985
394,Bradley,Danielle,1076540991419
395,Durham,Barbara,7127823085262
396,Kemp,Jason,0241765507390
397,Sanders,Teresa,3337280277319
398,Spencer,Bryan,9904841138032
399,Sullivan,Brian,5403465843148
400,Anthony,Katie,5722041803338
401,Heath,Linda,6852283470414
402,Peterson,Sean,2370361192324
403,Martin,John,0021647473226
404,Murray,Dylan,4242617749322
405,Mcknight,Victoria,5785169883171
406,Santiago,Danny,2631866717218
407,Taylor,Patrick,0271856217624
408,Mendoza,Brandon,7032840726247
409,Johnson,Jim,8673078961525
410,Cooper,Alan,1227155011733
411,Arnold,Todd,8952868137409
412,Thompson,Denise,7057216498912
413,Mooney,Jeffrey,6588715127427
414,Kent,Loretta,0423128908458
415,Blake,Carlos,3916010425824
416,Chapman,Nicole,8667426980706
417,Whitney,James,1914155593505
418,Vazquez,Tammy,0767018178800
419,Parks,Dustin,0021114851096
420,Palmer,Jennifer,7234365319494
421,Ortiz,Marc,5361515794371
422,Bishop,Patricia,0007110680554
423,Kerr,Christopher,0277069180539
424,Morse,Christine,4352795356127
425,Cruz,Kevin,2787181752248
426,Harris,Jose,8368502406832
427,Butler,Peter,9684393120153
428,Chambers,Brian,7191042266579
429,Hicks,Sabrina,0824560256751
430,Parks,Cody,8616380813453
431,Brewer,Richard,4555399531526
432,Roman,Bruce,4112827128564
433,Flynn,Amy,7700633272086
434,Ward,Zachary,3606998396606
435,Thompson,Daniel,8197671359508
436,Davidson,Michael,5632664839670
437,Harrell,Malik,5921112858196
438,Reyes,Stephanie,4463567719438
439,Williams,Chase,8372218705993
440,Underwood,Angela,7153981191192
441,Gregory,Gregory,7941189300074
442,Nelson,Dorothy,3679481350430
443,Allen,Ryan,6827183522864
444,Smith,Karen,0177570972009
445,Chambers,David,0957712663342
446,Crosby,Brett,8596144909138
447,Turner,Leslie,6314730993563
448,Hawkins,Phillip,4471686009218
449,Lewis,Elizabeth,8581287948775
450,Gilmore,Mark,0539591132584
451,Guzman,John,1938226293814
452,Myers,Joshua,0489223643119
453,Diaz,Janet,0431337974501
454,Ramirez,Lawrence,2048601835052
455,Cook,Dale,3930710214699
456,King,Janice,0760007417499
457,Vazquez,Daniel,4223374082033
458,Butler,John,9755249711501
459,Jenkins,Joel,4367718543833
460,Gonzalez,Nicole,0704205149342
461,Burnett,Emily,0616978430960
462,Roy,Diane,5119789044135
463,Johnson,Katie,7371280046379
464,Orozco,Richard,8846121279502
465,Atkins,Suzanne,5350144658842
466,Parker,Vanessa,9046010677940
467,Short,Brianna,6252422307510
468,Washington,Catherine,5570416562959
469,Garcia,Jeremy,7904799669838
470,Collier,Judy,8165313868917
471,Chase,Andrew,3446828863203
472,Chapman,James,9403267487010
473,Ryan,Joshua,8204204664637
474,Bond,Allison,8952456392655
475,Maddox,Marc,2457026489737
476,Miller,Julie,9545335099031
477,Leonard,Lawrence,0939156100885
478,Perez,Kimberly,5206547960070
479,Clark,Mark,1274231297861
480,Rich,David,3819527134147
481,Thornton,Patricia,4159241196543
482,Elliott,Christopher,5146434049923
483,Spencer,Michael,7789734045589
484,Harris,Stanley,8487494029116
485,Cruz,Chase,6657988698068
486,West,Ronald,3645999288067
487,Kim,Gregory,9569754010092
488,Johnson,Robin,9935122862748
489,Johnson,Peggy,2023726435848
490,Moses,Diane,9117351480272
491,Johnson,Jason,7181875776511
492,Fuentes,Mary,1921465909105
493,Kemp,Angela,6750409154879
494,Fitzgerald,Dennis,8076877432926
495,Lee,Kendra,4169657138441
496,Baker,Thomas,2987666388551
497,Hayes,Valerie,5062891740129
498,Smith,Christina,4931253719376
499,Walker,Samuel,1946608309763
